threads,fps,scale
1,172.348,1
2,295.026,1.7118
3,439.56,2.55042
4,528.027,3.06372
5,624.596,3.62403
6,699.289,4.05742
7,770.07,4.4681
8,824.292,4.78271
