threads,fps,scale
1,271.057,1
2,509.066,1.87808
3,724.007,2.67105
4,928.851,3.42677
5,1107.83,4.08706
6,1268.71,4.68061
7,1454.22,5.365
8,1487.58,5.48807
