threads,fps,scale
1,69.9826,1
2,135.217,1.93215
3,199.697,2.85353
4,254.09,3.63076
5,307.562,4.39483
6,369.951,5.28633
7,422.641,6.03923
8,463.275,6.61986
