threads,fps,scale
1,155.955,1
2,251.07,1.60989
3,322.076,2.06518
4,397.55,2.54913
5,446.357,2.86208
6,489.295,3.1374
7,535.687,3.43487
8,563.432,3.61278
