threads, fps, scale
1, 306.474, 1
2, 494.685, 1.61411
3, 650.054, 2.12107
4, 778.611, 2.54054
5, 909.793, 2.96858
6, 1027.78, 3.35357
7, 1111.25, 3.62593
8, 1166.5, 3.80619
